﻿<?xml version="1.0" encoding="UTF-8"?>
​
​
<hexagon center_of_gravity="" width="" height="" swap_status="swapped_in" active="current">
    <!-- A region is a contiguous area of space, isolated, and not dividng other geometry -->
    <!-- A region must be bound within a hexagon and is rectangular in nature-->
    <region center_of_gravity="" width="" hewight="">
        
    </region> 
    
    <sector id="" center_of_gravity = " " sector_mesh="one_story_house.sct">
        <!-- map space are divided into polygonal, generally convex, areas called zones, or sometimes sectors.-->
        <!-- divide up the regioon into sectors, sectors are structured similarly to -->
        <!-- to navigation meshes.-->
            
        <!-- Adjacent zones are linked to one another via shared dividing polygons termed portals.-->
            
        <portal center_of_gravity="" width="" height=""/>
     
        <octree center_of_gravity="" width="" height="">
            
  
            <octant>
                
        
                <fractal center_of_gravity="" height="" width="" >
                <fractal_type="tree" branch_factor="" multi_texture="oak_tree_texture.tex"/>
                </fractal>
                <static_model center_of_gravity="xyz" height="" width="">
                    <!-- http://www.upvector.com/?section=Tutorials&subsection=Intro%20to%20Procedural%20Textures -->
                   <mesh name="house.stx"/>
                    <procedural_texture function="wall_oak_function.fnc"/>
                </static_model>
            
            </octant>
        
            <octant>
                <octree center_of_gravity="" width="" height="">
                <octant>
                    <actor center_of_gravity="">
                        <primitive type="model" width="" height="">
                            <pawn type="animated_model"> 
                                
                                    <animated_model swap_status="swapped_in" type="left_arm">
                                        <bone name="bicep">
                                            <mesh name = "generic_bicep_mdl"/>
                                            <multi_texture name="generic_bicep_multitexture.mtx"/>
                                            <bump_map name="generic_bump_skin.bp"/>
                                            <diffuse_map name="generic_diffuse_skin"/>
                                            <ambient_shaders name="generic_npc.sdr"/>
                                            <specular_shaders name="generic_npc_specular.sdr"/>
                                             <geometry_shaders name="generic_rippled_muscle.sdr"/>
                                        </bone>
                                        <bone name="forearm"/>
                                            <mesh name = "generic_forearm.mdl"/>
                                            <multi_texture name = "generic_bicep_multitexture.mtx"/>
                                            <bump_map name = "generic_bump_skin.bp"/>
                                            <decal name = "scar.dec" center_of_gravity="xyz" rot_axis="xyz"/> 
                                            <diffuse_map name="generic_diffuse_skin.diff"/>
                                            <ambient_shaders name="generic_npc_sdr"/>
                                            <specular_shaders name="generic_npc_specular.sdr"/>
                                            <geometry_shaders name="generic_rippled_muscle.sdr"/>
                                        </bone>
                                    
                                        <bone name="hand" id="hand_id">
                                            <mesh name="generic_hand_model.mdl"/>
                                             <multi_texture name="burned_hand.mtx"/>
                                            <bump_map name="scarred_skin.bp"/>
                                            <diffuse_map name="generic_damaged_skin"/>
                                            <ambient_shaders name="generic_npc_sdr"/>
                                            <specular_shaders name="dull_nonreflective.sdr"/>
                                            <geometry_shaders namne="wounded_hand_scars.sdr"/>
                                        </bone>
                                    
                                        <bone name="fingers" id="fingers_id">
                                        
                                            <mesh name="generic_Fingers.mdl"/>
                                            <multi_texture name="generic_Fingers_multitexture.mtx"/>
                                            <bump_map name="generic_bump_skin.bp"/>
                                            <diffuse_map = "generic_diffuse_skin.diff/>
                                            <ambient_shaders name="generic_npc.sdr/>
                                            <specular_shaders name="generic_npc_specular"/>
                                            <geometry_shaders name="missing_Finger_shader.sdr"/>
                                            <geometry_shaders name="generic_wedding_ring" />
                                         </bone>_
                                        <character>
                                            <!-- custom variables attached here -->
                                            <!-- scripts?-->
                                        </character>
                                    </animated_model>
                            </pawn>
                        </primitive>
                    </actor>
                 </octant>
                <octant/>
                <octant>
                    <actor center_of_gravity="" id="">
                        <primitive_type type= "point_light" origin="xyz" rgb=""/>
                        <primitive_type type="spot_light" origin="xyz" direction_vector="ijk"
                        
                    </actor>
                </octant>
                    
                <octant>
                        <actor origin="xyz" type="snap_camera" direction_vector="ijk"/>
                        <actor origin="xyz" type="camera" direction_vector="ijk"/>
                </octant>
                <octant>
                            <mesh name="sword.mdl"/>
                            <multi_texture name="rusted_metal_texturee.mtx"/>
                            <bump_map name="rusted_metal.bp"/>
                            <diffuse_map = "sword_shading.diff/>
                            <ambient_shaders name="generic_sword.sdr/>
                            <specular_shaders name="generic_swordspecular.sdr"/>
                            <geometry_shaders name="rust_spot_1.sdr"/>
                            <geometry_shaders name="rust_spot_2.sdr" />  
                            <physics type="attach_to" id="hand_id" center_of_gravity="xyz" direction_vector="ijk" rotation="x,y,z axis rots"/>
                                <!-- attaches to hand bone object. centered at center of gravity oriented towards the direction vector, rotated around the 3 axis" --></ambient_shaders>
                </octant>
                <octant/>
                <octant/>
                <octant/>
                </octree>
            
            </octant> <!-- 2 octants so far -->
        
            <octant/>
            <octant/>
            <octant/>
            <octant/>
            <octant/>
            <octant/>
        </octree>
    </sector>
</hexagon>